"filename", "language", "C++", "Python", "Shell Script", "Properties", "C", "Markdown", "Makefile", "YAML", "LaTeX", "HTML", "comment", "blank", "total"
"d:\information\IOT\learn\C++\opensource\TinyWebServer\CGImysql\README.md", "Markdown", 0, 0, 0, 0, 0, -11, 0, 0, 0, 0, 0, -3, -14
"d:\information\IOT\learn\C++\opensource\TinyWebServer\CGImysql\sql_connection_pool.cpp", "C++", -108, 0, 0, 0, 0, 0, 0, 0, 0, 0, -5, -30, -143
"d:\information\IOT\learn\C++\opensource\TinyWebServer\CGImysql\sql_connection_pool.h", "C++", -47, 0, 0, 0, 0, 0, 0, 0, 0, 0, -1, -13, -61
"d:\information\IOT\learn\C++\opensource\TinyWebServer\README.md", "Markdown", 0, 0, 0, 0, 0, -198, 0, 0, 0, 0, 0, -67, -265
"d:\information\IOT\learn\C++\opensource\TinyWebServer\build.sh", "Shell Script", 0, 0, -1, 0, 0, 0, 0, 0, 0, 0, -1, -1, -3
"d:\information\IOT\learn\C++\opensource\TinyWebServer\config.cpp", "C++", -65, 0, 0, 0, 0, 0, 0, 0, 0, 0, -10, -11, -86
"d:\information\IOT\learn\C++\opensource\TinyWebServer\config.h", "C++", -22, 0, 0, 0, 0, 0, 0, 0, 0, 0, -10, -15, -47
"d:\information\IOT\learn\C++\opensource\TinyWebServer\http\README.md", "Markdown", 0, 0, 0, 0, 0, -6, 0, 0, 0, 0, 0, -1, -7
"d:\information\IOT\learn\C++\opensource\TinyWebServer\http\http_conn.cpp", "C++", -601, 0, 0, 0, 0, 0, 0, 0, 0, 0, -36, -66, -703
"d:\information\IOT\learn\C++\opensource\TinyWebServer\http\http_conn.h", "C++", -141, 0, 0, 0, 0, 0, 0, 0, 0, 0, 0, -12, -153
"d:\information\IOT\learn\C++\opensource\TinyWebServer\lock\README.md", "Markdown", 0, 0, 0, 0, 0, -6, 0, 0, 0, 0, 0, -6, -12
"d:\information\IOT\learn\C++\opensource\TinyWebServer\lock\locker.h", "C++", -104, 0, 0, 0, 0, 0, 0, 0, 0, 0, -6, -6, -116
"d:\information\IOT\learn\C++\opensource\TinyWebServer\log\README.md", "Markdown", 0, 0, 0, 0, 0, -8, 0, 0, 0, 0, 0, -2, -10
"d:\information\IOT\learn\C++\opensource\TinyWebServer\log\block_queue.h", "C++", -171, 0, 0, 0, 0, 0, 0, 0, 0, 0, -13, -29, -213
"d:\information\IOT\learn\C++\opensource\TinyWebServer\log\log.cpp", "C++", -134, 0, 0, 0, 0, 0, 0, 0, 0, 0, -6, -25, -165
"d:\information\IOT\learn\C++\opensource\TinyWebServer\log\log.h", "C++", -56, 0, 0, 0, 0, 0, 0, 0, 0, 0, -3, -11, -70
"d:\information\IOT\learn\C++\opensource\TinyWebServer\main.cpp", "C++", -20, 0, 0, 0, 0, 0, 0, 0, 0, 0, -9, -12, -41
"d:\information\IOT\learn\C++\opensource\TinyWebServer\makefile", "Makefile", 0, 0, 0, 0, 0, 0, -11, 0, 0, 0, 0, -5, -16
"d:\information\IOT\learn\C++\opensource\TinyWebServer\root\README.md", "Markdown", 0, 0, 0, 0, 0, -10, 0, 0, 0, 0, 0, -1, -11
"d:\information\IOT\learn\C++\opensource\TinyWebServer\root\fans.html", "HTML", 0, 0, 0, 0, 0, 0, 0, 0, 0, -14, -1, -1, -16
"d:\information\IOT\learn\C++\opensource\TinyWebServer\root\judge.html", "HTML", 0, 0, 0, 0, 0, 0, 0, 0, 0, -22, 0, -5, -27
"d:\information\IOT\learn\C++\opensource\TinyWebServer\root\log.html", "HTML", 0, 0, 0, 0, 0, 0, 0, 0, 0, -20, 0, -2, -22
"d:\information\IOT\learn\C++\opensource\TinyWebServer\root\logError.html", "HTML", 0, 0, 0, 0, 0, 0, 0, 0, 0, -22, 0, -2, -24
"d:\information\IOT\learn\C++\opensource\TinyWebServer\root\picture.html", "HTML", 0, 0, 0, 0, 0, 0, 0, 0, 0, -14, -1, -1, -16
"d:\information\IOT\learn\C++\opensource\TinyWebServer\root\register.html", "HTML", 0, 0, 0, 0, 0, 0, 0, 0, 0, -20, 0, -1, -21
"d:\information\IOT\learn\C++\opensource\TinyWebServer\root\registerError.html", "HTML", 0, 0, 0, 0, 0, 0, 0, 0, 0, -21, 0, -2, -23
"d:\information\IOT\learn\C++\opensource\TinyWebServer\root\video.html", "HTML", 0, 0, 0, 0, 0, 0, 0, 0, 0, -16, 0, -2, -18
"d:\information\IOT\learn\C++\opensource\TinyWebServer\root\welcome.html", "HTML", 0, 0, 0, 0, 0, 0, 0, 0, 0, -26, 0, -2, -28
"d:\information\IOT\learn\C++\opensource\TinyWebServer\test_pressure\README.md", "Markdown", 0, 0, 0, 0, 0, -23, 0, 0, 0, 0, 0, -11, -34
"d:\information\IOT\learn\C++\opensource\TinyWebServer\test_pressure\webbench-1.5\Makefile", "Makefile", 0, 0, 0, 0, 0, 0, -32, 0, 0, 0, 0, -9, -41
"d:\information\IOT\learn\C++\opensource\TinyWebServer\test_pressure\webbench-1.5\socket.c", "C", 0, 0, 0, 0, -38, 0, 0, 0, 0, 0, -13, -8, -59
"d:\information\IOT\learn\C++\opensource\TinyWebServer\test_pressure\webbench-1.5\webbench.c", "C", 0, 0, 0, 0, -370, 0, 0, 0, 0, 0, -53, -30, -453
"d:\information\IOT\learn\C++\opensource\TinyWebServer\threadpool\README.md", "Markdown", 0, 0, 0, 0, 0, -6, 0, 0, 0, 0, 0, -9, -15
"d:\information\IOT\learn\C++\opensource\TinyWebServer\threadpool\threadpool.h", "C++", -146, 0, 0, 0, 0, 0, 0, 0, 0, 0, -2, -5, -153
"d:\information\IOT\learn\C++\opensource\TinyWebServer\timer\README.md", "Markdown", 0, 0, 0, 0, 0, -6, 0, 0, 0, 0, 0, -2, -8
"d:\information\IOT\learn\C++\opensource\TinyWebServer\timer\lst_timer.cpp", "C++", -203, 0, 0, 0, 0, 0, 0, 0, 0, 0, -6, -16, -225
"d:\information\IOT\learn\C++\opensource\TinyWebServer\timer\lst_timer.h", "C++", -75, 0, 0, 0, 0, 0, 0, 0, 0, 0, -5, -23, -103
"d:\information\IOT\learn\C++\opensource\TinyWebServer\webserver.cpp", "C++", -359, 0, 0, 0, 0, 0, 0, 0, 0, 0, -29, -47, -435
"d:\information\IOT\learn\C++\opensource\TinyWebServer\webserver.h", "C++", -64, 0, 0, 0, 0, 0, 0, 0, 0, 0, -5, -14, -83
"d:\information\IOT\learn\C\opensource\picotcp\.travis.yml", "YAML", 0, 0, 0, 0, 0, 0, 0, 12, 0, 0, 0, 2, 14
"d:\information\IOT\learn\C\opensource\picotcp\CONTRIBUTING.md", "Markdown", 0, 0, 0, 0, 0, 5, 0, 0, 0, 0, 0, 4, 9
"d:\information\IOT\learn\C\opensource\picotcp\Makefile", "Makefile", 0, 0, 0, 0, 0, 0, 433, 0, 0, 0, 5, 71, 509
"d:\information\IOT\learn\C\opensource\picotcp\README.md", "Markdown", 0, 0, 0, 0, 0, 171, 0, 0, 0, 0, 0, 64, 235
"d:\information\IOT\learn\C\opensource\picotcp\docs\user_manual\README.md", "Markdown", 0, 0, 0, 0, 0, 13, 0, 0, 0, 0, 0, 8, 21
"d:\information\IOT\learn\C\opensource\picotcp\docs\user_manual\build.sh", "Shell Script", 0, 0, 1, 0, 0, 0, 0, 0, 0, 0, 1, 2, 4
"d:\information\IOT\learn\C\opensource\picotcp\docs\user_manual\chap_api_aodv.tex", "LaTeX", 0, 0, 0, 0, 0, 0, 0, 0, 30, 0, 0, 13, 43
"d:\information\IOT\learn\C\opensource\picotcp\docs\user_manual\chap_api_dhcp_c.tex", "LaTeX", 0, 0, 0, 0, 0, 0, 0, 0, 120, 0, 4, 47, 171
"d:\information\IOT\learn\C\opensource\picotcp\docs\user_manual\chap_api_dhcp_d.tex", "LaTeX", 0, 0, 0, 0, 0, 0, 0, 0, 48, 0, 4, 20, 72
"d:\information\IOT\learn\C\opensource\picotcp\docs\user_manual\chap_api_dns_c.tex", "LaTeX", 0, 0, 0, 0, 0, 0, 0, 0, 86, 0, 1, 29, 116
"d:\information\IOT\learn\C\opensource\picotcp\docs\user_manual\chap_api_dns_sd.tex", "LaTeX", 0, 0, 0, 0, 0, 0, 0, 0, 67, 0, 1, 18, 86
"d:\information\IOT\learn\C\opensource\picotcp\docs\user_manual\chap_api_igmp.tex", "LaTeX", 0, 0, 0, 0, 0, 0, 0, 0, 28, 0, 4, 11, 43
"d:\information\IOT\learn\C\opensource\picotcp\docs\user_manual\chap_api_ipfilter.tex", "LaTeX", 0, 0, 0, 0, 0, 0, 0, 0, 62, 0, 5, 23, 90
"d:\information\IOT\learn\C\opensource\picotcp\docs\user_manual\chap_api_ipv4.tex", "LaTeX", 0, 0, 0, 0, 0, 0, 0, 0, 414, 0, 6, 142, 562
"d:\information\IOT\learn\C\opensource\picotcp\docs\user_manual\chap_api_ipv6.tex", "LaTeX", 0, 0, 0, 0, 0, 0, 0, 0, 406, 0, 10, 118, 534
"d:\information\IOT\learn\C\opensource\picotcp\docs\user_manual\chap_api_mdns.tex", "LaTeX", 0, 0, 0, 0, 0, 0, 0, 0, 180, 0, 1, 54, 235
"d:\information\IOT\learn\C\opensource\picotcp\docs\user_manual\chap_api_mld.tex", "LaTeX", 0, 0, 0, 0, 0, 0, 0, 0, 28, 0, 4, 11, 43
"d:\information\IOT\learn\C\opensource\picotcp\docs\user_manual\chap_api_olsr.tex", "LaTeX", 0, 0, 0, 0, 0, 0, 0, 0, 35, 0, 0, 15, 50
"d:\information\IOT\learn\C\opensource\picotcp\docs\user_manual\chap_api_ppp.tex", "LaTeX", 0, 0, 0, 0, 0, 0, 0, 0, 186, 0, 0, 72, 258
"d:\information\IOT\learn\C\opensource\picotcp\docs\user_manual\chap_api_slaacv4.tex", "LaTeX", 0, 0, 0, 0, 0, 0, 0, 0, 28, 0, 1, 16, 45
"d:\information\IOT\learn\C\opensource\picotcp\docs\user_manual\chap_api_sntp_c.tex", "LaTeX", 0, 0, 0, 0, 0, 0, 0, 0, 70, 0, 1, 26, 97
"d:\information\IOT\learn\C\opensource\picotcp\docs\user_manual\chap_api_sock.tex", "LaTeX", 0, 0, 0, 0, 0, 0, 0, 0, 631, 0, 1, 173, 805
"d:\information\IOT\learn\C\opensource\picotcp\docs\user_manual\chap_api_tftp.tex", "LaTeX", 0, 0, 0, 0, 0, 0, 0, 0, 737, 0, 1, 174, 912
"d:\information\IOT\learn\C\opensource\picotcp\docs\user_manual\chap_license.tex", "LaTeX", 0, 0, 0, 0, 0, 0, 0, 0, 9, 0, 0, 3, 12
"d:\information\IOT\learn\C\opensource\picotcp\docs\user_manual\chap_overview.tex", "LaTeX", 0, 0, 0, 0, 0, 0, 0, 0, 55, 0, 9, 5, 69
"d:\information\IOT\learn\C\opensource\picotcp\docs\user_manual\chap_rfcs.tex", "LaTeX", 0, 0, 0, 0, 0, 0, 0, 0, 125, 0, 0, 63, 188
"d:\information\IOT\learn\C\opensource\picotcp\docs\user_manual\layout.tex", "LaTeX", 0, 0, 0, 0, 0, 0, 0, 0, 47, 0, 16, 8, 71
"d:\information\IOT\learn\C\opensource\picotcp\docs\user_manual\layout1.tex", "LaTeX", 0, 0, 0, 0, 0, 0, 0, 0, 15, 0, 8, 5, 28
"d:\information\IOT\learn\C\opensource\picotcp\docs\user_manual\template_api.tex", "LaTeX", 0, 0, 0, 0, 0, 0, 0, 0, 16, 0, 2, 20, 38
"d:\information\IOT\learn\C\opensource\picotcp\docs\user_manual\user_doc.tex", "LaTeX", 0, 0, 0, 0, 0, 0, 0, 0, 51, 0, 35, 28, 114
"d:\information\IOT\learn\C\opensource\picotcp\include\arch\pico_arm9.h", "C++", 20, 0, 0, 0, 0, 0, 0, 0, 0, 0, 7, 9, 36
"d:\information\IOT\learn\C\opensource\picotcp\include\arch\pico_atsamd21j18.h", "C++", 42, 0, 0, 0, 0, 0, 0, 0, 0, 0, 8, 12, 62
"d:\information\IOT\learn\C\opensource\picotcp\include\arch\pico_avr.h", "C++", 22, 0, 0, 0, 0, 0, 0, 0, 0, 0, 9, 9, 40
"d:\information\IOT\learn\C\opensource\picotcp\include\arch\pico_cortex_m.h", "C++", 4, 0, 0, 0, 0, 0, 0, 0, 0, 0, 5, 4, 13
"d:\information\IOT\learn\C\opensource\picotcp\include\arch\pico_dos.h", "C++", 27, 0, 0, 0, 0, 0, 0, 0, 0, 0, 9, 9, 45
"d:\information\IOT\learn\C\opensource\picotcp\include\arch\pico_esp8266.h", "C++", 34, 0, 0, 0, 0, 0, 0, 0, 0, 0, 9, 16, 59
"d:\information\IOT\learn\C\opensource\picotcp\include\arch\pico_generic_gcc.h", "C++", 82, 0, 0, 0, 0, 0, 0, 0, 0, 0, 11, 25, 118
"d:\information\IOT\learn\C\opensource\picotcp\include\arch\pico_linux.h", "C++", 25, 0, 0, 0, 0, 0, 0, 0, 0, 0, 0, 9, 34
"d:\information\IOT\learn\C\opensource\picotcp\include\arch\pico_mbed.h", "C++", 115, 0, 0, 0, 0, 0, 0, 0, 0, 0, 40, 31, 186
"d:\information\IOT\learn\C\opensource\picotcp\include\arch\pico_msp430.h", "C++", 23, 0, 0, 0, 0, 0, 0, 0, 0, 0, 5, 11, 39
"d:\information\IOT\learn\C\opensource\picotcp\include\arch\pico_none.h", "C++", 13, 0, 0, 0, 0, 0, 0, 0, 0, 0, 4, 6, 23
"d:\information\IOT\learn\C\opensource\picotcp\include\arch\pico_pic24.h", "C++", 59, 0, 0, 0, 0, 0, 0, 0, 0, 0, 24, 18, 101
"d:\information\IOT\learn\C\opensource\picotcp\include\arch\pico_pic32.h", "C++", 34, 0, 0, 0, 0, 0, 0, 0, 0, 0, 8, 13, 55
"d:\information\IOT\learn\C\opensource\picotcp\include\arch\pico_posix.h", "C++", 98, 0, 0, 0, 0, 0, 0, 0, 0, 0, 17, 23, 138
"d:\information\IOT\learn\C\opensource\picotcp\include\heap.h", "C++", 100, 0, 0, 0, 0, 0, 0, 0, 0, 0, 5, 3, 108
"d:\information\IOT\learn\C\opensource\picotcp\include\pico_addressing.h", "C++", 81, 0, 0, 0, 0, 0, 0, 0, 0, 0, 24, 23, 128
"d:\information\IOT\learn\C\opensource\picotcp\include\pico_config.h", "C++", 202, 0, 0, 0, 0, 0, 0, 0, 0, 0, 15, 27, 244
"d:\information\IOT\learn\C\opensource\picotcp\include\pico_constants.h", "C++", 29, 0, 0, 0, 0, 0, 0, 0, 0, 0, 18, 12, 59
"d:\information\IOT\learn\C\opensource\picotcp\include\pico_device.h", "C++", 43, 0, 0, 0, 0, 0, 0, 0, 0, 0, 6, 7, 56
"d:\information\IOT\learn\C\opensource\picotcp\include\pico_eth.h", "C++", 12, 0, 0, 0, 0, 0, 0, 0, 0, 0, 5, 5, 22
"d:\information\IOT\learn\C\opensource\picotcp\include\pico_frame.h", "C++", 75, 0, 0, 0, 0, 0, 0, 0, 0, 0, 23, 34, 132
"d:\information\IOT\learn\C\opensource\picotcp\include\pico_md5.h", "C++", 7, 0, 0, 0, 0, 0, 0, 0, 0, 0, 6, 5, 18
"d:\information\IOT\learn\C\opensource\picotcp\include\pico_module_eth.h", "C++", 23, 0, 0, 0, 0, 0, 0, 0, 0, 0, 6, 5, 34
"d:\information\IOT\learn\C\opensource\picotcp\include\pico_protocol.h", "C++", 70, 0, 0, 0, 0, 0, 0, 0, 0, 0, 17, 11, 98
"d:\information\IOT\learn\C\opensource\picotcp\include\pico_queue.h", "C++", 130, 0, 0, 0, 0, 0, 0, 0, 0, 0, 5, 32, 167
"d:\information\IOT\learn\C\opensource\picotcp\include\pico_socket.h", "C++", 194, 0, 0, 0, 0, 0, 0, 0, 0, 0, 12, 58, 264
"d:\information\IOT\learn\C\opensource\picotcp\include\pico_socket_multicast.h", "C++", 9, 0, 0, 0, 0, 0, 0, 0, 0, 0, 0, 2, 11
"d:\information\IOT\learn\C\opensource\picotcp\include\pico_stack.h", "C++", 41, 0, 0, 0, 0, 0, 0, 0, 0, 0, 33, 19, 93
"d:\information\IOT\learn\C\opensource\picotcp\include\pico_tree.h", "C++", 58, 0, 0, 0, 0, 0, 0, 0, 0, 0, 17, 19, 94
"d:\information\IOT\learn\C\opensource\picotcp\mkdeps.sh", "Shell Script", 0, 0, 18, 0, 0, 0, 0, 0, 0, 0, 1, 4, 23
"d:\information\IOT\learn\C\opensource\picotcp\modcheck.py", "Python", 0, 73, 0, 0, 0, 0, 0, 0, 0, 0, 2, 18, 93
"d:\information\IOT\learn\C\opensource\picotcp\modules\pico_6lowpan.c", "C", 0, 0, 0, 0, 1345, 0, 0, 0, 0, 0, 165, 138, 1648
"d:\information\IOT\learn\C\opensource\picotcp\modules\pico_6lowpan.h", "C++", 19, 0, 0, 0, 0, 0, 0, 0, 0, 0, 12, 10, 41
"d:\information\IOT\learn\C\opensource\picotcp\modules\pico_6lowpan_ll.c", "C", 0, 0, 0, 0, 312, 0, 0, 0, 0, 0, 79, 64, 455
"d:\information\IOT\learn\C\opensource\picotcp\modules\pico_6lowpan_ll.h", "C++", 55, 0, 0, 0, 0, 0, 0, 0, 0, 0, 45, 23, 123
"d:\information\IOT\learn\C\opensource\picotcp\modules\pico_802154.c", "C", 0, 0, 0, 0, 299, 0, 0, 0, 0, 0, 98, 60, 457
"d:\information\IOT\learn\C\opensource\picotcp\modules\pico_802154.h", "C++", 20, 0, 0, 0, 0, 0, 0, 0, 0, 0, 12, 9, 41
"d:\information\IOT\learn\C\opensource\picotcp\modules\pico_aodv.c", "C", 0, 0, 0, 0, 558, 0, 0, 0, 0, 0, 18, 121, 697
"d:\information\IOT\learn\C\opensource\picotcp\modules\pico_aodv.h", "C++", 103, 0, 0, 0, 0, 0, 0, 0, 0, 0, 11, 17, 131
"d:\information\IOT\learn\C\opensource\picotcp\modules\pico_arp.c", "C", 0, 0, 0, 0, 426, 0, 0, 0, 0, 0, 44, 97, 567
"d:\information\IOT\learn\C\opensource\picotcp\modules\pico_arp.h", "C++", 23, 0, 0, 0, 0, 0, 0, 0, 0, 0, 5, 8, 36
"d:\information\IOT\learn\C\opensource\picotcp\modules\pico_dev_ipc.c", "C", 0, 0, 0, 0, 82, 0, 0, 0, 0, 0, 7, 21, 110
"d:\information\IOT\learn\C\opensource\picotcp\modules\pico_dev_ipc.h", "C++", 7, 0, 0, 0, 0, 0, 0, 0, 0, 0, 5, 4, 16
"d:\information\IOT\learn\C\opensource\picotcp\modules\pico_dev_loop.c", "C", 0, 0, 0, 0, 44, 0, 0, 0, 0, 0, 6, 17, 67
"d:\information\IOT\learn\C\opensource\picotcp\modules\pico_dev_loop.h", "C++", 7, 0, 0, 0, 0, 0, 0, 0, 0, 0, 5, 4, 16
"d:\information\IOT\learn\C\opensource\picotcp\modules\pico_dev_mock.c", "C", 0, 0, 0, 0, 217, 0, 0, 0, 0, 0, 29, 71, 317
"d:\information\IOT\learn\C\opensource\picotcp\modules\pico_dev_mock.h", "C++", 28, 0, 0, 0, 0, 0, 0, 0, 0, 0, 9, 11, 48
"d:\information\IOT\learn\C\opensource\picotcp\modules\pico_dev_null.c", "C", 0, 0, 0, 0, 35, 0, 0, 0, 0, 0, 10, 16, 61
"d:\information\IOT\learn\C\opensource\picotcp\modules\pico_dev_null.h", "C++", 7, 0, 0, 0, 0, 0, 0, 0, 0, 0, 5, 4, 16
"d:\information\IOT\learn\C\opensource\picotcp\modules\pico_dev_pcap.c", "C", 0, 0, 0, 0, 68, 0, 0, 0, 0, 0, 8, 21, 97
"d:\information\IOT\learn\C\opensource\picotcp\modules\pico_dev_pcap.h", "C++", 9, 0, 0, 0, 0, 0, 0, 0, 0, 0, 7, 4, 20
"d:\information\IOT\learn\C\opensource\picotcp\modules\pico_dev_ppp.c", "C", 0, 0, 0, 0, 1935, 0, 0, 0, 0, 0, 58, 320, 2313
"d:\information\IOT\learn\C\opensource\picotcp\modules\pico_dev_ppp.h", "C++", 15, 0, 0, 0, 0, 0, 0, 0, 0, 0, 5, 7, 27
"d:\information\IOT\learn\C\opensource\picotcp\modules\pico_dev_radio_mgr.c", "C", 0, 0, 0, 0, 285, 0, 0, 0, 0, 0, 32, 41, 358
"d:\information\IOT\learn\C\opensource\picotcp\modules\pico_dev_radio_mgr.h", "C++", 4, 0, 0, 0, 0, 0, 0, 0, 0, 0, 7, 4, 15
"d:\information\IOT\learn\C\opensource\picotcp\modules\pico_dev_radiotest.c", "C", 0, 0, 0, 0, 355, 0, 0, 0, 0, 0, 51, 81, 487
"d:\information\IOT\learn\C\opensource\picotcp\modules\pico_dev_radiotest.h", "C++", 6, 0, 0, 0, 0, 0, 0, 0, 0, 0, 6, 5, 17
"d:\information\IOT\learn\C\opensource\picotcp\modules\pico_dev_tap.c", "C", 0, 0, 0, 0, 172, 0, 0, 0, 0, 0, 19, 40, 231
"d:\information\IOT\learn\C\opensource\picotcp\modules\pico_dev_tap.h", "C++", 7, 0, 0, 0, 0, 0, 0, 0, 0, 0, 5, 4, 16
"d:\information\IOT\learn\C\opensource\picotcp\modules\pico_dev_tap_windows.c", "C", 0, 0, 0, 0, 806, 0, 0, 0, 0, 0, 115, 181, 1102
"d:\information\IOT\learn\C\opensource\picotcp\modules\pico_dev_tap_windows.h", "C++", 6, 0, 0, 0, 0, 0, 0, 0, 0, 0, 8, 4, 18
"d:\information\IOT\learn\C\opensource\picotcp\modules\pico_dev_tap_windows_private.h", "C++", 36, 0, 0, 0, 0, 0, 0, 0, 0, 0, 36, 18, 90
"d:\information\IOT\learn\C\opensource\picotcp\modules\pico_dev_tun.c", "C", 0, 0, 0, 0, 81, 0, 0, 0, 0, 0, 7, 23, 111
"d:\information\IOT\learn\C\opensource\picotcp\modules\pico_dev_tun.h", "C++", 7, 0, 0, 0, 0, 0, 0, 0, 0, 0, 5, 4, 16
"d:\information\IOT\learn\C\opensource\picotcp\modules\pico_dev_vde.c", "C", 0, 0, 0, 0, 92, 0, 0, 0, 0, 0, 10, 21, 123
"d:\information\IOT\learn\C\opensource\picotcp\modules\pico_dev_vde.h", "C++", 9, 0, 0, 0, 0, 0, 0, 0, 0, 0, 6, 4, 19
"d:\information\IOT\learn\C\opensource\picotcp\modules\pico_dhcp_client.c", "C", 0, 0, 0, 0, 815, 0, 0, 0, 0, 0, 52, 208, 1075
"d:\information\IOT\learn\C\opensource\picotcp\modules\pico_dhcp_client.h", "C++", 21, 0, 0, 0, 0, 0, 0, 0, 0, 0, 8, 4, 33
"d:\information\IOT\learn\C\opensource\picotcp\modules\pico_dhcp_common.c", "C", 0, 0, 0, 0, 136, 0, 0, 0, 0, 0, 21, 34, 191
"d:\information\IOT\learn\C\opensource\picotcp\modules\pico_dhcp_common.h", "C++", 165, 0, 0, 0, 0, 0, 0, 0, 0, 0, 14, 13, 192
"d:\information\IOT\learn\C\opensource\picotcp\modules\pico_dhcp_server.c", "C", 0, 0, 0, 0, 340, 0, 0, 0, 0, 0, 11, 76, 427
"d:\information\IOT\learn\C\opensource\picotcp\modules\pico_dhcp_server.h", "C++", 22, 0, 0, 0, 0, 0, 0, 0, 0, 0, 7, 6, 35
"d:\information\IOT\learn\C\opensource\picotcp\modules\pico_dns_client.c", "C", 0, 0, 0, 0, 671, 0, 0, 0, 0, 0, 19, 157, 847
"d:\information\IOT\learn\C\opensource\picotcp\modules\pico_dns_client.h", "C++", 25, 0, 0, 0, 0, 0, 0, 0, 0, 0, 15, 11, 51
"d:\information\IOT\learn\C\opensource\picotcp\modules\pico_dns_common.c", "C", 0, 0, 0, 0, 987, 0, 0, 0, 0, 0, 572, 226, 1785
"d:\information\IOT\learn\C\opensource\picotcp\modules\pico_dns_common.h", "C++", 190, 0, 0, 0, 0, 0, 0, 0, 0, 0, 283, 56, 529
"d:\information\IOT\learn\C\opensource\picotcp\modules\pico_dns_sd.c", "C", 0, 0, 0, 0, 336, 0, 0, 0, 0, 0, 152, 81, 569
"d:\information\IOT\learn\C\opensource\picotcp\modules\pico_dns_sd.h", "C++", 41, 0, 0, 0, 0, 0, 0, 0, 0, 0, 39, 12, 92
"d:\information\IOT\learn\C\opensource\picotcp\modules\pico_ethernet.c", "C", 0, 0, 0, 0, 325, 0, 0, 0, 0, 0, 55, 69, 449
"d:\information\IOT\learn\C\opensource\picotcp\modules\pico_ethernet.h", "C++", 6, 0, 0, 0, 0, 0, 0, 0, 0, 0, 8, 5, 19
"d:\information\IOT\learn\C\opensource\picotcp\modules\pico_fragments.c", "C", 0, 0, 0, 0, 463, 0, 0, 0, 0, 0, 9, 102, 574
"d:\information\IOT\learn\C\opensource\picotcp\modules\pico_fragments.h", "C++", 9, 0, 0, 0, 0, 0, 0, 0, 0, 0, 0, 3, 12
"d:\information\IOT\learn\C\opensource\picotcp\modules\pico_hotplug_detection.c", "C", 0, 0, 0, 0, 163, 0, 0, 0, 0, 0, 11, 34, 208
"d:\information\IOT\learn\C\opensource\picotcp\modules\pico_hotplug_detection.h", "C++", 9, 0, 0, 0, 0, 0, 0, 0, 0, 0, 9, 6, 24
"d:\information\IOT\learn\C\opensource\picotcp\modules\pico_icmp4.c", "C", 0, 0, 0, 0, 334, 0, 0, 0, 0, 0, 29, 72, 435
"d:\information\IOT\learn\C\opensource\picotcp\modules\pico_icmp4.h", "C++", 129, 0, 0, 0, 0, 0, 0, 0, 0, 0, 9, 25, 163
"d:\information\IOT\learn\C\opensource\picotcp\modules\pico_icmp6.c", "C", 0, 0, 0, 0, 712, 0, 0, 0, 0, 0, 55, 135, 902
"d:\information\IOT\learn\C\opensource\picotcp\modules\pico_icmp6.h", "C++", 255, 0, 0, 0, 0, 0, 0, 0, 0, 0, 33, 39, 327
"d:\information\IOT\learn\C\opensource\picotcp\modules\pico_igmp.c", "C", 0, 0, 0, 0, 927, 0, 0, 0, 0, 0, 55, 189, 1171
"d:\information\IOT\learn\C\opensource\picotcp\modules\pico_igmp.h", "C++", 12, 0, 0, 0, 0, 0, 0, 0, 0, 0, 8, 7, 27
"d:\information\IOT\learn\C\opensource\picotcp\modules\pico_ipfilter.c", "C", 0, 0, 0, 0, 348, 0, 0, 0, 0, 0, 29, 88, 465
"d:\information\IOT\learn\C\opensource\picotcp\modules\pico_ipfilter.h", "C++", 16, 0, 0, 0, 0, 0, 0, 0, 0, 0, 6, 8, 30
"d:\information\IOT\learn\C\opensource\picotcp\modules\pico_ipv4.c", "C", 0, 0, 0, 0, 1304, 0, 0, 0, 0, 0, 75, 280, 1659
"d:\information\IOT\learn\C\opensource\picotcp\modules\pico_ipv4.h", "C++", 91, 0, 0, 0, 0, 0, 0, 0, 0, 0, 8, 17, 116
"d:\information\IOT\learn\C\opensource\picotcp\modules\pico_ipv6.c", "C", 0, 0, 0, 0, 1740, 0, 0, 0, 0, 0, 103, 298, 2141
"d:\information\IOT\learn\C\opensource\picotcp\modules\pico_ipv6.h", "C++", 153, 0, 0, 0, 0, 0, 0, 0, 0, 0, 7, 23, 183
"d:\information\IOT\learn\C\opensource\picotcp\modules\pico_ipv6_nd.c", "C", 0, 0, 0, 0, 1184, 0, 0, 0, 0, 0, 173, 230, 1587
"d:\information\IOT\learn\C\opensource\picotcp\modules\pico_ipv6_nd.h", "C++", 25, 0, 0, 0, 0, 0, 0, 0, 0, 0, 6, 6, 37
"d:\information\IOT\learn\C\opensource\picotcp\modules\pico_mcast.c", "C", 0, 0, 0, 0, 220, 0, 0, 0, 0, 0, 17, 23, 260
"d:\information\IOT\learn\C\opensource\picotcp\modules\pico_mcast.h", "C++", 46, 0, 0, 0, 0, 0, 0, 0, 0, 0, 0, 8, 54
"d:\information\IOT\learn\C\opensource\picotcp\modules\pico_mdns.c", "C", 0, 0, 0, 0, 2190, 0, 0, 0, 0, 0, 1027, 471, 3688
"d:\information\IOT\learn\C\opensource\picotcp\modules\pico_mdns.h", "C++", 69, 0, 0, 0, 0, 0, 0, 0, 0, 0, 117, 21, 207
"d:\information\IOT\learn\C\opensource\picotcp\modules\pico_mld.c", "C", 0, 0, 0, 0, 975, 0, 0, 0, 0, 0, 43, 148, 1166
"d:\information\IOT\learn\C\opensource\picotcp\modules\pico_mld.h", "C++", 85, 0, 0, 0, 0, 0, 0, 0, 0, 0, 17, 18, 120
"d:\information\IOT\learn\C\opensource\picotcp\modules\pico_mm.c", "C", 0, 0, 0, 0, 1143, 0, 0, 0, 0, 0, 311, 162, 1616
"d:\information\IOT\learn\C\opensource\picotcp\modules\pico_mm.h", "C++", 23, 0, 0, 0, 0, 0, 0, 0, 0, 0, 62, 14, 99
"d:\information\IOT\learn\C\opensource\picotcp\modules\pico_nat.c", "C", 0, 0, 0, 0, 452, 0, 0, 0, 0, 0, 31, 107, 590
"d:\information\IOT\learn\C\opensource\picotcp\modules\pico_nat.h", "C++", 69, 0, 0, 0, 0, 0, 0, 0, 0, 0, 8, 14, 91
"d:\information\IOT\learn\C\opensource\picotcp\modules\pico_olsr.c", "C", 0, 0, 0, 0, 926, 0, 0, 0, 0, 0, 73, 169, 1168
"d:\information\IOT\learn\C\opensource\picotcp\modules\pico_olsr.h", "C++", 21, 0, 0, 0, 0, 0, 0, 0, 0, 0, 7, 5, 33
"d:\information\IOT\learn\C\opensource\picotcp\modules\pico_posix.c", "C", 0, 0, 0, 0, 71, 0, 0, 0, 0, 0, 9, 20, 100
"d:\information\IOT\learn\C\opensource\picotcp\modules\pico_slaacv4.c", "C", 0, 0, 0, 0, 258, 0, 0, 0, 0, 0, 9, 41, 308
"d:\information\IOT\learn\C\opensource\picotcp\modules\pico_slaacv4.h", "C++", 8, 0, 0, 0, 0, 0, 0, 0, 0, 0, 6, 5, 19
"d:\information\IOT\learn\C\opensource\picotcp\modules\pico_sntp_client.c", "C", 0, 0, 0, 0, 442, 0, 0, 0, 0, 0, 34, 77, 553
"d:\information\IOT\learn\C\opensource\picotcp\modules\pico_sntp_client.h", "C++", 13, 0, 0, 0, 0, 0, 0, 0, 0, 0, 6, 5, 24
"d:\information\IOT\learn\C\opensource\picotcp\modules\pico_socket_tcp.c", "C", 0, 0, 0, 0, 225, 0, 0, 0, 0, 0, 12, 36, 273
"d:\information\IOT\learn\C\opensource\picotcp\modules\pico_socket_tcp.h", "C++", 25, 0, 0, 0, 0, 0, 0, 0, 0, 0, 1, 8, 34
"d:\information\IOT\learn\C\opensource\picotcp\modules\pico_socket_udp.c", "C", 0, 0, 0, 0, 214, 0, 0, 0, 0, 0, 6, 41, 261
"d:\information\IOT\learn\C\opensource\picotcp\modules\pico_socket_udp.h", "C++", 14, 0, 0, 0, 0, 0, 0, 0, 0, 0, 0, 6, 20
"d:\information\IOT\learn\C\opensource\picotcp\modules\pico_strings.c", "C", 0, 0, 0, 0, 69, 0, 0, 0, 0, 0, 8, 25, 102
"d:\information\IOT\learn\C\opensource\picotcp\modules\pico_strings.h", "C++", 9, 0, 0, 0, 0, 0, 0, 0, 0, 0, 8, 5, 22
"d:\information\IOT\learn\C\opensource\picotcp\modules\pico_tcp.c", "C", 0, 0, 0, 0, 2581, 0, 0, 0, 0, 0, 185, 549, 3315
"d:\information\IOT\learn\C\opensource\picotcp\modules\pico_tcp.h", "C++", 86, 0, 0, 0, 0, 0, 0, 0, 0, 0, 9, 12, 107
"d:\information\IOT\learn\C\opensource\picotcp\modules\pico_tftp.c", "C", 0, 0, 0, 0, 1038, 0, 0, 0, 0, 0, 37, 249, 1324
"d:\information\IOT\learn\C\opensource\picotcp\modules\pico_tftp.h", "C++", 51, 0, 0, 0, 0, 0, 0, 0, 0, 0, 11, 22, 84
"d:\information\IOT\learn\C\opensource\picotcp\modules\pico_udp.c", "C", 0, 0, 0, 0, 160, 0, 0, 0, 0, 0, 23, 40, 223
"d:\information\IOT\learn\C\opensource\picotcp\modules\pico_udp.h", "C++", 29, 0, 0, 0, 0, 0, 0, 0, 0, 0, 7, 10, 46
"d:\information\IOT\learn\C\opensource\picotcp\rules\6lowpan.mk", "Makefile", 0, 0, 0, 0, 0, 0, 25, 0, 0, 0, 22, 16, 63
"d:\information\IOT\learn\C\opensource\picotcp\rules\crc.mk", "Makefile", 0, 0, 0, 0, 0, 0, 1, 0, 0, 0, 0, 1, 2
"d:\information\IOT\learn\C\opensource\picotcp\rules\cyassl.mk", "Makefile", 0, 0, 0, 0, 0, 0, 2, 0, 0, 0, 0, 2, 4
"d:\information\IOT\learn\C\opensource\picotcp\rules\debug.mk", "Makefile", 0, 0, 0, 0, 0, 0, 171, 0, 0, 0, 0, 37, 208
"d:\information\IOT\learn\C\opensource\picotcp\rules\devloop.mk", "Makefile", 0, 0, 0, 0, 0, 0, 2, 0, 0, 0, 0, 1, 3
"d:\information\IOT\learn\C\opensource\picotcp\rules\dhcp_client.mk", "Makefile", 0, 0, 0, 0, 0, 0, 2, 0, 0, 0, 0, 1, 3
"d:\information\IOT\learn\C\opensource\picotcp\rules\dhcp_server.mk", "Makefile", 0, 0, 0, 0, 0, 0, 2, 0, 0, 0, 0, 1, 3
"d:\information\IOT\learn\C\opensource\picotcp\rules\dns_client.mk", "Makefile", 0, 0, 0, 0, 0, 0, 2, 0, 0, 0, 0, 1, 3
"d:\information\IOT\learn\C\opensource\picotcp\rules\dns_sd.mk", "Makefile", 0, 0, 0, 0, 0, 0, 2, 0, 0, 0, 0, 0, 2
"d:\information\IOT\learn\C\opensource\picotcp\rules\eth.mk", "Makefile", 0, 0, 0, 0, 0, 0, 3, 0, 0, 0, 0, 1, 4
"d:\information\IOT\learn\C\opensource\picotcp\rules\icmp4.mk", "Makefile", 0, 0, 0, 0, 0, 0, 5, 0, 0, 0, 0, 1, 6
"d:\information\IOT\learn\C\opensource\picotcp\rules\igmp.mk", "Makefile", 0, 0, 0, 0, 0, 0, 2, 0, 0, 0, 0, 2, 4
"d:\information\IOT\learn\C\opensource\picotcp\rules\ipc.mk", "Makefile", 0, 0, 0, 0, 0, 0, 1, 0, 0, 0, 0, 1, 2
"d:\information\IOT\learn\C\opensource\picotcp\rules\ipfilter.mk", "Makefile", 0, 0, 0, 0, 0, 0, 2, 0, 0, 0, 0, 1, 3
"d:\information\IOT\learn\C\opensource\picotcp\rules\ipv4.mk", "Makefile", 0, 0, 0, 0, 0, 0, 2, 0, 0, 0, 0, 1, 3
"d:\information\IOT\learn\C\opensource\picotcp\rules\ipv4frag.mk", "Makefile", 0, 0, 0, 0, 0, 0, 2, 0, 0, 0, 0, 1, 3
"d:\information\IOT\learn\C\opensource\picotcp\rules\ipv6.mk", "Makefile", 0, 0, 0, 0, 0, 0, 3, 0, 0, 0, 0, 1, 4
"d:\information\IOT\learn\C\opensource\picotcp\rules\ipv6frag.mk", "Makefile", 0, 0, 0, 0, 0, 0, 2, 0, 0, 0, 0, 1, 3
"d:\information\IOT\learn\C\opensource\picotcp\rules\mcast.mk", "Makefile", 0, 0, 0, 0, 0, 0, 2, 0, 0, 0, 0, 1, 3
"d:\information\IOT\learn\C\opensource\picotcp\rules\mdns.mk", "Makefile", 0, 0, 0, 0, 0, 0, 2, 0, 0, 0, 0, 1, 3
"d:\information\IOT\learn\C\opensource\picotcp\rules\memory_manager.mk", "Makefile", 0, 0, 0, 0, 0, 0, 2, 0, 0, 0, 0, 1, 3
"d:\information\IOT\learn\C\opensource\picotcp\rules\mld.mk", "Makefile", 0, 0, 0, 0, 0, 0, 2, 0, 0, 0, 0, 2, 4
"d:\information\IOT\learn\C\opensource\picotcp\rules\nat.mk", "Makefile", 0, 0, 0, 0, 0, 0, 2, 0, 0, 0, 0, 1, 3
"d:\information\IOT\learn\C\opensource\picotcp\rules\olsr.mk", "Makefile", 0, 0, 0, 0, 0, 0, 2, 0, 0, 0, 0, 1, 3
"d:\information\IOT\learn\C\opensource\picotcp\rules\pcap.mk", "Makefile", 0, 0, 0, 0, 0, 0, 1, 0, 0, 0, 0, 1, 2
"d:\information\IOT\learn\C\opensource\picotcp\rules\polarssl.mk", "Makefile", 0, 0, 0, 0, 0, 0, 2, 0, 0, 0, 0, 1, 3
"d:\information\IOT\learn\C\opensource\picotcp\rules\ppp.mk", "Makefile", 0, 0, 0, 0, 0, 0, 2, 0, 0, 0, 0, 2, 4
"d:\information\IOT\learn\C\opensource\picotcp\rules\slaacv4.mk", "Makefile", 0, 0, 0, 0, 0, 0, 2, 0, 0, 0, 0, 1, 3
"d:\information\IOT\learn\C\opensource\picotcp\rules\sntp_client.mk", "Makefile", 0, 0, 0, 0, 0, 0, 2, 0, 0, 0, 0, 1, 3
"d:\information\IOT\learn\C\opensource\picotcp\rules\tap.mk", "Makefile", 0, 0, 0, 0, 0, 0, 1, 0, 0, 0, 0, 1, 2
"d:\information\IOT\learn\C\opensource\picotcp\rules\tcp.mk", "Makefile", 0, 0, 0, 0, 0, 0, 3, 0, 0, 0, 0, 1, 4
"d:\information\IOT\learn\C\opensource\picotcp\rules\tun.mk", "Makefile", 0, 0, 0, 0, 0, 0, 1, 0, 0, 0, 0, 1, 2
"d:\information\IOT\learn\C\opensource\picotcp\rules\udp.mk", "Makefile", 0, 0, 0, 0, 0, 0, 3, 0, 0, 0, 0, 1, 4
"d:\information\IOT\learn\C\opensource\picotcp\rules\wolfssl.mk", "Makefile", 0, 0, 0, 0, 0, 0, 2, 0, 0, 0, 0, 2, 4
"d:\information\IOT\learn\C\opensource\picotcp\stack\pico_device.c", "C", 0, 0, 0, 0, 391, 0, 0, 0, 0, 0, 30, 78, 499
"d:\information\IOT\learn\C\opensource\picotcp\stack\pico_frame.c", "C", 0, 0, 0, 0, 251, 0, 0, 0, 0, 0, 23, 56, 330
"d:\information\IOT\learn\C\opensource\picotcp\stack\pico_md5.c", "C", 0, 0, 0, 0, 29, 0, 0, 0, 0, 0, 6, 9, 44
"d:\information\IOT\learn\C\opensource\picotcp\stack\pico_protocol.c", "C", 0, 0, 0, 0, 169, 0, 0, 0, 0, 0, 18, 40, 227
"d:\information\IOT\learn\C\opensource\picotcp\stack\pico_socket.c", "C", 0, 0, 0, 0, 1796, 0, 0, 0, 0, 0, 79, 413, 2288
"d:\information\IOT\learn\C\opensource\picotcp\stack\pico_socket_multicast.c", "C", 0, 0, 0, 0, 1214, 0, 0, 0, 0, 0, 36, 229, 1479
"d:\information\IOT\learn\C\opensource\picotcp\stack\pico_stack.c", "C", 0, 0, 0, 0, 733, 0, 0, 0, 0, 0, 51, 179, 963
"d:\information\IOT\learn\C\opensource\picotcp\stack\pico_tree.c", "C", 0, 0, 0, 0, 422, 0, 0, 0, 0, 0, 54, 90, 566
"d:\information\IOT\learn\C\opensource\picotcp\test\Makefile", "Makefile", 0, 0, 0, 0, 0, 0, 9, 0, 0, 0, 0, 2, 11
"d:\information\IOT\learn\C\opensource\picotcp\test\README.md", "Markdown", 0, 0, 0, 0, 0, 5, 0, 0, 0, 0, 0, 2, 7
"d:\information\IOT\learn\C\opensource\picotcp\test\autotest.sh", "Shell Script", 0, 0, 293, 0, 0, 0, 0, 0, 0, 0, 10, 58, 361
"d:\information\IOT\learn\C\opensource\picotcp\test\coverage.sh", "Shell Script", 0, 0, 3, 0, 0, 0, 0, 0, 0, 0, 1, 1, 5
"d:\information\IOT\learn\C\opensource\picotcp\test\dummy.c", "C", 0, 0, 0, 0, 10, 0, 0, 0, 0, 0, 0, 3, 13
"d:\information\IOT\learn\C\opensource\picotcp\test\examples\Makefile", "Makefile", 0, 0, 0, 0, 0, 0, 31, 0, 0, 0, 0, 6, 37
"d:\information\IOT\learn\C\opensource\picotcp\test\examples\dhcp_client.c", "C", 0, 0, 0, 0, 83, 0, 0, 0, 0, 0, 12, 20, 115
"d:\information\IOT\learn\C\opensource\picotcp\test\examples\dhcp_server.c", "C", 0, 0, 0, 0, 81, 0, 0, 0, 0, 0, 6, 13, 100
"d:\information\IOT\learn\C\opensource\picotcp\test\examples\dns_sd.c", "C", 0, 0, 0, 0, 87, 0, 0, 0, 0, 0, 2, 24, 113
"d:\information\IOT\learn\C\opensource\picotcp\test\examples\dnsclient.c", "C", 0, 0, 0, 0, 94, 0, 0, 0, 0, 0, 10, 17, 121
"d:\information\IOT\learn\C\opensource\picotcp\test\examples\iperfc.c", "C", 0, 0, 0, 0, 121, 0, 0, 0, 0, 0, 2, 20, 143
"d:\information\IOT\learn\C\opensource\picotcp\test\examples\mdns.c", "C", 0, 0, 0, 0, 63, 0, 0, 0, 0, 0, 2, 19, 84
"d:\information\IOT\learn\C\opensource\picotcp\test\examples\multicast_ip6_recv.c", "C", 0, 0, 0, 0, 135, 0, 0, 0, 0, 0, 23, 25, 183
"d:\information\IOT\learn\C\opensource\picotcp\test\examples\multicast_ip6_send.c", "C", 0, 0, 0, 0, 101, 0, 0, 0, 0, 0, 22, 18, 141
"d:\information\IOT\learn\C\opensource\picotcp\test\examples\multicast_recv.c", "C", 0, 0, 0, 0, 124, 0, 0, 0, 0, 0, 22, 26, 172
"d:\information\IOT\learn\C\opensource\picotcp\test\examples\multicast_send.c", "C", 0, 0, 0, 0, 92, 0, 0, 0, 0, 0, 22, 16, 130
"d:\information\IOT\learn\C\opensource\picotcp\test\examples\natbox.c", "C", 0, 0, 0, 0, 25, 0, 0, 0, 0, 0, 2, 5, 32
"d:\information\IOT\learn\C\opensource\picotcp\test\examples\noop.c", "C", 0, 0, 0, 0, 8, 0, 0, 0, 0, 0, 2, 2, 12
"d:\information\IOT\learn\C\opensource\picotcp\test\examples\ping.c", "C", 0, 0, 0, 0, 122, 0, 0, 0, 0, 0, 3, 14, 139
"d:\information\IOT\learn\C\opensource\picotcp\test\examples\slaacv4.c", "C", 0, 0, 0, 0, 61, 0, 0, 0, 0, 0, 2, 10, 73
"d:\information\IOT\learn\C\opensource\picotcp\test\examples\sntp.c", "C", 0, 0, 0, 0, 52, 0, 0, 0, 0, 0, 2, 6, 60
"d:\information\IOT\learn\C\opensource\picotcp\test\examples\tcpbench.c", "C", 0, 0, 0, 0, 257, 0, 0, 0, 0, 0, 17, 47, 321
"d:\information\IOT\learn\C\opensource\picotcp\test\examples\tcpclient.c", "C", 0, 0, 0, 0, 162, 0, 0, 0, 0, 0, 6, 30, 198
"d:\information\IOT\learn\C\opensource\picotcp\test\examples\tcpecho.c", "C", 0, 0, 0, 0, 147, 0, 0, 0, 0, 0, 6, 26, 179
"d:\information\IOT\learn\C\opensource\picotcp\test\examples\tftp.c", "C", 0, 0, 0, 0, 398, 0, 0, 0, 0, 0, 5, 83, 486
"d:\information\IOT\learn\C\opensource\picotcp\test\examples\udp_client.c", "C", 0, 0, 0, 0, 225, 0, 0, 0, 0, 0, 24, 42, 291
"d:\information\IOT\learn\C\opensource\picotcp\test\examples\udp_echo.c", "C", 0, 0, 0, 0, 158, 0, 0, 0, 0, 0, 26, 33, 217
"d:\information\IOT\learn\C\opensource\picotcp\test\examples\udp_sendto_test.c", "C", 0, 0, 0, 0, 60, 0, 0, 0, 0, 0, 15, 14, 89
"d:\information\IOT\learn\C\opensource\picotcp\test\examples\udpnat.c", "C", 0, 0, 0, 0, 118, 0, 0, 0, 0, 0, 5, 29, 152
"d:\information\IOT\learn\C\opensource\picotcp\test\examples\utils.h", "C++", 30, 0, 0, 0, 0, 0, 0, 0, 0, 0, 1, 9, 40
"d:\information\IOT\learn\C\opensource\picotcp\test\mkunits.sh", "Shell Script", 0, 0, 71, 0, 0, 0, 0, 0, 0, 0, 15, 19, 105
"d:\information\IOT\learn\C\opensource\picotcp\test\olsr_test.sh", "Shell Script", 0, 0, 50, 0, 0, 0, 0, 0, 0, 0, 1, 18, 69
"d:\information\IOT\learn\C\opensource\picotcp\test\perf.sh", "Shell Script", 0, 0, 20, 0, 0, 0, 0, 0, 0, 0, 1, 6, 27
"d:\information\IOT\learn\C\opensource\picotcp\test\pico_faulty.c", "C", 0, 0, 0, 0, 20, 0, 0, 0, 0, 0, 1, 9, 30
"d:\information\IOT\learn\C\opensource\picotcp\test\pico_faulty.h", "C++", 93, 0, 0, 0, 0, 0, 0, 0, 0, 0, 15, 27, 135
"d:\information\IOT\learn\C\opensource\picotcp\test\picoapp.c", "C", 0, 0, 0, 0, 639, 0, 0, 0, 0, 0, 16, 103, 758
"d:\information\IOT\learn\C\opensource\picotcp\test\ppp.c", "C", 0, 0, 0, 0, 158, 0, 0, 0, 0, 0, 2, 34, 194
"d:\information\IOT\learn\C\opensource\picotcp\test\python\dhcp.py", "Python", 0, 17, 0, 0, 0, 0, 0, 0, 0, 0, 11, 9, 37
"d:\information\IOT\learn\C\opensource\picotcp\test\python\fairness.py", "Python", 0, 23, 0, 0, 0, 0, 0, 0, 0, 0, 14, 12, 49
"d:\information\IOT\learn\C\opensource\picotcp\test\python\fairness_bottleneck.py", "Python", 0, 22, 0, 0, 0, 0, 0, 0, 0, 0, 14, 12, 48
"d:\information\IOT\learn\C\opensource\picotcp\test\python\fairness_bottleneck_linux.py", "Python", 0, 22, 0, 0, 0, 0, 0, 0, 0, 0, 14, 12, 48
"d:\information\IOT\learn\C\opensource\picotcp\test\python\fragmentation.py", "Python", 0, 37, 0, 0, 0, 0, 0, 0, 0, 0, 14, 10, 61
"d:\information\IOT\learn\C\opensource\picotcp\test\python\howto.py", "Python", 0, 15, 0, 0, 0, 0, 0, 0, 0, 0, 101, 20, 136
"d:\information\IOT\learn\C\opensource\picotcp\test\python\http_server_linux.py", "Python", 0, 8, 0, 0, 0, 0, 0, 0, 0, 0, 1, 5, 14
"d:\information\IOT\learn\C\opensource\picotcp\test\python\multicast_recv.py", "Python", 0, 43, 0, 0, 0, 0, 0, 0, 0, 0, 12, 10, 65
"d:\information\IOT\learn\C\opensource\picotcp\test\python\multicast_send.py", "Python", 0, 38, 0, 0, 0, 0, 0, 0, 0, 0, 11, 10, 59
"d:\information\IOT\learn\C\opensource\picotcp\test\python\noop.py", "Python", 0, 8, 0, 0, 0, 0, 0, 0, 0, 0, 2, 5, 15
"d:\information\IOT\learn\C\opensource\picotcp\test\python\ping.py", "Python", 0, 9, 0, 0, 0, 0, 0, 0, 0, 0, 1, 5, 15
"d:\information\IOT\learn\C\opensource\picotcp\test\python\ping_delay.py", "Python", 0, 9, 0, 0, 0, 0, 0, 0, 0, 0, 1, 5, 15
"d:\information\IOT\learn\C\opensource\picotcp\test\python\ping_linux.py", "Python", 0, 8, 0, 0, 0, 0, 0, 0, 0, 0, 2, 5, 15
"d:\information\IOT\learn\C\opensource\picotcp\test\python\ping_nat.py", "Python", 0, 11, 0, 0, 0, 0, 0, 0, 0, 0, 1, 6, 18
"d:\information\IOT\learn\C\opensource\picotcp\test\python\reassembly.py", "Python", 0, 37, 0, 0, 0, 0, 0, 0, 0, 0, 16, 10, 63
"d:\information\IOT\learn\C\opensource\picotcp\test\python\tcpbench-delay.py", "Python", 0, 10, 0, 0, 0, 0, 0, 0, 0, 0, 2, 7, 19
"d:\information\IOT\learn\C\opensource\picotcp\test\python\tcpbench-tap.py", "Python", 0, 10, 0, 0, 0, 0, 0, 0, 0, 0, 2, 6, 18
"d:\information\IOT\learn\C\opensource\picotcp\test\python\tcpbench.py", "Python", 0, 9, 0, 0, 0, 0, 0, 0, 0, 0, 3, 6, 18
"d:\information\IOT\learn\C\opensource\picotcp\test\python\tcpbench_rx_linux.py", "Python", 0, 9, 0, 0, 0, 0, 0, 0, 0, 0, 1, 5, 15
"d:\information\IOT\learn\C\opensource\picotcp\test\python\tcpbench_tx_linux.py", "Python", 0, 9, 0, 0, 0, 0, 0, 0, 0, 0, 2, 5, 16
"d:\information\IOT\learn\C\opensource\picotcp\test\python\tcpecho_linux.py", "Python", 0, 8, 0, 0, 0, 0, 0, 0, 0, 0, 4, 5, 17
"d:\information\IOT\learn\C\opensource\picotcp\test\python\topology.py", "Python", 0, 195, 0, 0, 0, 0, 0, 0, 0, 0, 5, 24, 224
"d:\information\IOT\learn\C\opensource\picotcp\test\python\traceroute_from_linux.py", "Python", 0, 36, 0, 0, 0, 0, 0, 0, 0, 0, 1, 9, 46
"d:\information\IOT\learn\C\opensource\picotcp\test\python\traceroute_nat_from_linux.py", "Python", 0, 36, 0, 0, 0, 0, 0, 0, 0, 0, 1, 9, 46
"d:\information\IOT\learn\C\opensource\picotcp\test\python\udpecho.py", "Python", 0, 9, 0, 0, 0, 0, 0, 0, 0, 0, 2, 6, 17
"d:\information\IOT\learn\C\opensource\picotcp\test\python\zmq_linux.py", "Python", 0, 23, 0, 0, 0, 0, 0, 0, 0, 0, 3, 9, 35
"d:\information\IOT\learn\C\opensource\picotcp\test\test_tftp_app_client.c", "C", 0, 0, 0, 0, 206, 0, 0, 0, 0, 0, 0, 39, 245
"d:\information\IOT\learn\C\opensource\picotcp\test\unit\modunit_pico_6lowpan.c", "C", 0, 0, 0, 0, 1367, 0, 0, 0, 0, 0, 36, 232, 1635
"d:\information\IOT\learn\C\opensource\picotcp\test\unit\modunit_pico_802154.c", "C", 0, 0, 0, 0, 452, 0, 0, 0, 0, 0, 36, 69, 557
"d:\information\IOT\learn\C\opensource\picotcp\test\unit\modunit_pico_aodv.c", "C", 0, 0, 0, 0, 454, 0, 0, 0, 0, 0, 19, 73, 546
"d:\information\IOT\learn\C\opensource\picotcp\test\unit\modunit_pico_dev_loop.c", "C", 0, 0, 0, 0, 75, 0, 0, 0, 0, 0, 3, 20, 98
"d:\information\IOT\learn\C\opensource\picotcp\test\unit\modunit_pico_dev_ppp.c", "C", 0, 0, 0, 0, 1199, 0, 0, 0, 0, 0, 82, 107, 1388
"d:\information\IOT\learn\C\opensource\picotcp\test\unit\modunit_pico_dns_client.c", "C", 0, 0, 0, 0, 193, 0, 0, 0, 0, 0, 24, 13, 230
"d:\information\IOT\learn\C\opensource\picotcp\test\unit\modunit_pico_dns_common.c", "C", 0, 0, 0, 0, 1202, 0, 0, 0, 0, 0, 69, 176, 1447
"d:\information\IOT\learn\C\opensource\picotcp\test\unit\modunit_pico_dns_sd.c", "C", 0, 0, 0, 0, 330, 0, 0, 0, 0, 0, 19, 55, 404
"d:\information\IOT\learn\C\opensource\picotcp\test\unit\modunit_pico_ethernet.c", "C", 0, 0, 0, 0, 261, 0, 0, 0, 0, 0, 8, 47, 316
"d:\information\IOT\learn\C\opensource\picotcp\test\unit\modunit_pico_fragments.c", "C", 0, 0, 0, 0, 899, 0, 0, 0, 0, 0, 114, 222, 1235
"d:\information\IOT\learn\C\opensource\picotcp\test\unit\modunit_pico_frame.c", "C", 0, 0, 0, 0, 216, 0, 0, 0, 0, 0, 13, 46, 275
"d:\information\IOT\learn\C\opensource\picotcp\test\unit\modunit_pico_hotplug_detection.c", "C", 0, 0, 0, 0, 148, 0, 0, 0, 0, 0, 12, 33, 193
"d:\information\IOT\learn\C\opensource\picotcp\test\unit\modunit_pico_igmp.c", "C", 0, 0, 0, 0, 320, 0, 0, 0, 0, 0, 18, 22, 360
"d:\information\IOT\learn\C\opensource\picotcp\test\unit\modunit_pico_ipfilter.c", "C", 0, 0, 0, 0, 175, 0, 0, 0, 0, 0, 64, 83, 322
"d:\information\IOT\learn\C\opensource\picotcp\test\unit\modunit_pico_ipv6_nd.c", "C", 0, 0, 0, 0, 241, 0, 0, 0, 0, 0, 23, 26, 290
"d:\information\IOT\learn\C\opensource\picotcp\test\unit\modunit_pico_mdns.c", "C", 0, 0, 0, 0, 1797, 0, 0, 0, 0, 0, 121, 310, 2228
"d:\information\IOT\learn\C\opensource\picotcp\test\unit\modunit_pico_mld.c", "C", 0, 0, 0, 0, 527, 0, 0, 0, 0, 0, 34, 24, 585
"d:\information\IOT\learn\C\opensource\picotcp\test\unit\modunit_pico_protocol.c", "C", 0, 0, 0, 0, 186, 0, 0, 0, 0, 0, 2, 42, 230
"d:\information\IOT\learn\C\opensource\picotcp\test\unit\modunit_pico_sntp_client.c", "C", 0, 0, 0, 0, 350, 0, 0, 0, 0, 0, 25, 54, 429
"d:\information\IOT\learn\C\opensource\picotcp\test\unit\modunit_pico_stack.c", "C", 0, 0, 0, 0, 122, 0, 0, 0, 0, 0, 9, 15, 146
"d:\information\IOT\learn\C\opensource\picotcp\test\unit\modunit_pico_strings.c", "C", 0, 0, 0, 0, 53, 0, 0, 0, 0, 0, 0, 7, 60
"d:\information\IOT\learn\C\opensource\picotcp\test\unit\modunit_pico_tcp.c", "C", 0, 0, 0, 0, 741, 0, 0, 0, 0, 0, 72, 51, 864
"d:\information\IOT\learn\C\opensource\picotcp\test\unit\modunit_pico_tftp.c", "C", 0, 0, 0, 0, 295, 0, 0, 0, 0, 0, 40, 41, 376
"d:\information\IOT\learn\C\opensource\picotcp\test\unit\modunit_queue.c", "C", 0, 0, 0, 0, 66, 0, 0, 0, 0, 0, 0, 19, 85
"d:\information\IOT\learn\C\opensource\picotcp\test\unit\modunit_seq.c", "C", 0, 0, 0, 0, 46, 0, 0, 0, 0, 0, 0, 14, 60
"d:\information\IOT\learn\C\opensource\picotcp\test\unit\unit_arp.c", "C", 0, 0, 0, 0, 176, 0, 0, 0, 0, 0, 6, 32, 214
"d:\information\IOT\learn\C\opensource\picotcp\test\unit\unit_dhcp.c", "C", 0, 0, 0, 0, 390, 0, 0, 0, 0, 0, 87, 78, 555
"d:\information\IOT\learn\C\opensource\picotcp\test\unit\unit_dns.c", "C", 0, 0, 0, 0, 53, 0, 0, 0, 0, 0, 11, 25, 89
"d:\information\IOT\learn\C\opensource\picotcp\test\unit\unit_icmp4.c", "C", 0, 0, 0, 0, 312, 0, 0, 0, 0, 0, 18, 72, 402
"d:\information\IOT\learn\C\opensource\picotcp\test\unit\unit_ipv4.c", "C", 0, 0, 0, 0, 720, 0, 0, 0, 0, 0, 33, 100, 853
"d:\information\IOT\learn\C\opensource\picotcp\test\unit\unit_ipv6.c", "C", 0, 0, 0, 0, 669, 0, 0, 0, 0, 0, 24, 68, 761
"d:\information\IOT\learn\C\opensource\picotcp\test\unit\unit_mem_manager.c", "C", 0, 0, 0, 0, 1579, 0, 0, 0, 0, 0, 347, 233, 2159
"d:\information\IOT\learn\C\opensource\picotcp\test\unit\unit_mocks.c", "C", 0, 0, 0, 0, 60, 0, 0, 0, 0, 0, 0, 12, 72
"d:\information\IOT\learn\C\opensource\picotcp\test\unit\unit_rbtree.c", "C", 0, 0, 0, 0, 80, 0, 0, 0, 0, 0, 2, 12, 94
"d:\information\IOT\learn\C\opensource\picotcp\test\unit\unit_socket.c", "C", 0, 0, 0, 0, 395, 0, 0, 0, 0, 0, 59, 68, 522
"d:\information\IOT\learn\C\opensource\picotcp\test\unit\unit_timer.c", "C", 0, 0, 0, 0, 36, 0, 0, 0, 0, 0, 0, 5, 41
"d:\information\IOT\learn\C\opensource\picotcp\test\units.c", "C", 0, 0, 0, 0, 182, 0, 0, 0, 0, 0, 18, 34, 234
"d:\information\IOT\learn\C\opensource\picotcp\test\units.sh", "Shell Script", 0, 0, 34, 0, 0, 0, 0, 0, 0, 0, 1, 4, 39
"d:\information\IOT\learn\C\opensource\picotcp\test\vde_sock_start.sh", "Shell Script", 0, 0, 14, 0, 0, 0, 0, 0, 0, 0, 3, 6, 23
"d:\information\IOT\learn\C\opensource\picotcp\test\vde_sock_start_user.sh", "Shell Script", 0, 0, 11, 0, 0, 0, 0, 0, 0, 0, 1, 4, 16
"d:\information\IOT\learn\C\opensource\picotcp\uncrustify.cfg", "Properties", 0, 0, 0, 454, 0, 0, 0, 0, 0, 0, 660, 466, 1580
"Total", "-", 1564, 734, 514, 454, 53632, -80, 692, 12, 3474, -175, 8145, 12829, 81795