"filename", "language", "Markdown", "C++", "C", "Makefile", "HTML", "Shell Script", "comment", "blank", "total"
"d:\information\IOT\learn\C++\opensource\TinyWebServer\CGImysql\README.md", "Markdown", 11, 0, 0, 0, 0, 0, 0, 3, 14
"d:\information\IOT\learn\C++\opensource\TinyWebServer\CGImysql\sql_connection_pool.cpp", "C++", 0, 108, 0, 0, 0, 0, 5, 30, 143
"d:\information\IOT\learn\C++\opensource\TinyWebServer\CGImysql\sql_connection_pool.h", "C++", 0, 47, 0, 0, 0, 0, 1, 13, 61
"d:\information\IOT\learn\C++\opensource\TinyWebServer\README.md", "Markdown", 198, 0, 0, 0, 0, 0, 0, 67, 265
"d:\information\IOT\learn\C++\opensource\TinyWebServer\build.sh", "Shell Script", 0, 0, 0, 0, 0, 1, 1, 1, 3
"d:\information\IOT\learn\C++\opensource\TinyWebServer\config.cpp", "C++", 0, 65, 0, 0, 0, 0, 10, 11, 86
"d:\information\IOT\learn\C++\opensource\TinyWebServer\config.h", "C++", 0, 22, 0, 0, 0, 0, 10, 15, 47
"d:\information\IOT\learn\C++\opensource\TinyWebServer\http\README.md", "Markdown", 6, 0, 0, 0, 0, 0, 0, 1, 7
"d:\information\IOT\learn\C++\opensource\TinyWebServer\http\http_conn.cpp", "C++", 0, 601, 0, 0, 0, 0, 36, 66, 703
"d:\information\IOT\learn\C++\opensource\TinyWebServer\http\http_conn.h", "C++", 0, 141, 0, 0, 0, 0, 0, 12, 153
"d:\information\IOT\learn\C++\opensource\TinyWebServer\lock\README.md", "Markdown", 6, 0, 0, 0, 0, 0, 0, 6, 12
"d:\information\IOT\learn\C++\opensource\TinyWebServer\lock\locker.h", "C++", 0, 104, 0, 0, 0, 0, 6, 6, 116
"d:\information\IOT\learn\C++\opensource\TinyWebServer\log\README.md", "Markdown", 8, 0, 0, 0, 0, 0, 0, 2, 10
"d:\information\IOT\learn\C++\opensource\TinyWebServer\log\block_queue.h", "C++", 0, 171, 0, 0, 0, 0, 13, 29, 213
"d:\information\IOT\learn\C++\opensource\TinyWebServer\log\log.cpp", "C++", 0, 134, 0, 0, 0, 0, 6, 25, 165
"d:\information\IOT\learn\C++\opensource\TinyWebServer\log\log.h", "C++", 0, 56, 0, 0, 0, 0, 3, 11, 70
"d:\information\IOT\learn\C++\opensource\TinyWebServer\main.cpp", "C++", 0, 20, 0, 0, 0, 0, 9, 12, 41
"d:\information\IOT\learn\C++\opensource\TinyWebServer\makefile", "Makefile", 0, 0, 0, 11, 0, 0, 0, 5, 16
"d:\information\IOT\learn\C++\opensource\TinyWebServer\root\README.md", "Markdown", 10, 0, 0, 0, 0, 0, 0, 1, 11
"d:\information\IOT\learn\C++\opensource\TinyWebServer\root\fans.html", "HTML", 0, 0, 0, 0, 14, 0, 1, 1, 16
"d:\information\IOT\learn\C++\opensource\TinyWebServer\root\judge.html", "HTML", 0, 0, 0, 0, 22, 0, 0, 5, 27
"d:\information\IOT\learn\C++\opensource\TinyWebServer\root\log.html", "HTML", 0, 0, 0, 0, 20, 0, 0, 2, 22
"d:\information\IOT\learn\C++\opensource\TinyWebServer\root\logError.html", "HTML", 0, 0, 0, 0, 22, 0, 0, 2, 24
"d:\information\IOT\learn\C++\opensource\TinyWebServer\root\picture.html", "HTML", 0, 0, 0, 0, 14, 0, 1, 1, 16
"d:\information\IOT\learn\C++\opensource\TinyWebServer\root\register.html", "HTML", 0, 0, 0, 0, 20, 0, 0, 1, 21
"d:\information\IOT\learn\C++\opensource\TinyWebServer\root\registerError.html", "HTML", 0, 0, 0, 0, 21, 0, 0, 2, 23
"d:\information\IOT\learn\C++\opensource\TinyWebServer\root\video.html", "HTML", 0, 0, 0, 0, 16, 0, 0, 2, 18
"d:\information\IOT\learn\C++\opensource\TinyWebServer\root\welcome.html", "HTML", 0, 0, 0, 0, 26, 0, 0, 2, 28
"d:\information\IOT\learn\C++\opensource\TinyWebServer\test_pressure\README.md", "Markdown", 23, 0, 0, 0, 0, 0, 0, 11, 34
"d:\information\IOT\learn\C++\opensource\TinyWebServer\test_pressure\webbench-1.5\Makefile", "Makefile", 0, 0, 0, 32, 0, 0, 0, 9, 41
"d:\information\IOT\learn\C++\opensource\TinyWebServer\test_pressure\webbench-1.5\socket.c", "C", 0, 0, 38, 0, 0, 0, 13, 8, 59
"d:\information\IOT\learn\C++\opensource\TinyWebServer\test_pressure\webbench-1.5\webbench.c", "C", 0, 0, 370, 0, 0, 0, 53, 30, 453
"d:\information\IOT\learn\C++\opensource\TinyWebServer\threadpool\README.md", "Markdown", 6, 0, 0, 0, 0, 0, 0, 9, 15
"d:\information\IOT\learn\C++\opensource\TinyWebServer\threadpool\threadpool.h", "C++", 0, 146, 0, 0, 0, 0, 2, 5, 153
"d:\information\IOT\learn\C++\opensource\TinyWebServer\timer\README.md", "Markdown", 6, 0, 0, 0, 0, 0, 0, 2, 8
"d:\information\IOT\learn\C++\opensource\TinyWebServer\timer\lst_timer.cpp", "C++", 0, 203, 0, 0, 0, 0, 6, 16, 225
"d:\information\IOT\learn\C++\opensource\TinyWebServer\timer\lst_timer.h", "C++", 0, 75, 0, 0, 0, 0, 5, 23, 103
"d:\information\IOT\learn\C++\opensource\TinyWebServer\webserver.cpp", "C++", 0, 359, 0, 0, 0, 0, 29, 47, 435
"d:\information\IOT\learn\C++\opensource\TinyWebServer\webserver.h", "C++", 0, 64, 0, 0, 0, 0, 5, 14, 83
"Total", "-", 274, 2316, 408, 43, 175, 1, 215, 508, 3940